Detector,Descriptor,Image,Total Keypoints,Keypoints on vehicle,Ratio,Detector Time,Descriptor Time,Time Together,Matches
SHITOMASI,BRISK,0,1370,125,0.09124087591240876,12.3765,2.61316,14.98966,0
SHITOMASI,BRISK,1,1301,118,0.09069946195234435,13.3661,2.2908,15.6569,95
SHITOMASI,BRISK,2,1361,123,0.09037472446730345,13.5729,1.65069,15.223590000000002,95
SHITOMASI,BRISK,3,1358,120,0.08836524300441827,12.6509,1.8962,14.5471,90
SHITOMASI,BRISK,4,1333,120,0.0900225056264066,11.94,1.75193,13.69193,93
SHITOMASI,BRISK,5,1284,113,0.08800623052959501,11.4374,1.55875,12.99615,92
SHITOMASI,BRISK,6,1322,114,0.08623298033282904,10.8418,1.53403,12.375829999999999,85
SHITOMASI,BRISK,7,1366,123,0.09004392386530015,10.7788,1.64688,12.42568,93
SHITOMASI,BRISK,8,1389,111,0.07991360691144708,11.3732,1.51396,12.887160000000002,90
SHITOMASI,BRISK,9,1339,112,0.08364451082897685,11.0062,1.74044,12.74664,89
SHITOMASI,BRISK,AVG,1342.3,117.9,0.08785440634310296,11.93438,1.8196839999999999,13.754064,82.2
""
SHITOMASI,BRIEF,0,1370,125,0.09124087591240876,16.2748,1.28799,17.56279,0
SHITOMASI,BRIEF,1,1301,118,0.09069946195234435,16.432,1.0182,17.4502,103
SHITOMASI,BRIEF,2,1361,123,0.09037472446730345,18.1778,1.66476,19.842560000000002,105
SHITOMASI,BRIEF,3,1358,120,0.08836524300441827,16.1636,0.975959,17.139559,100
SHITOMASI,BRIEF,4,1333,120,0.0900225056264066,15.1631,0.949759,16.112859,102
SHITOMASI,BRIEF,5,1284,113,0.08800623052959501,12.7331,0.869896,13.602996000000001,98
SHITOMASI,BRIEF,6,1322,114,0.08623298033282904,13.18,1.0821,14.2621,97
SHITOMASI,BRIEF,7,1366,123,0.09004392386530015,12.3388,1.20188,13.540680000000002,101
SHITOMASI,BRIEF,8,1389,111,0.07991360691144708,12.4477,1.23567,13.68337,99
SHITOMASI,BRIEF,9,1339,112,0.08364451082897685,13.0793,1.19551,14.27481,99
SHITOMASI,BRIEF,AVG,1342.3,117.9,0.08785440634310296,14.59902,1.1481724000000002,15.7471924,90.4
""
SHITOMASI,ORB,0,1370,125,0.09124087591240876,14.7064,0.823331,15.529731,0
SHITOMASI,ORB,1,1301,118,0.09069946195234435,12.7289,0.919351,13.648251,101
SHITOMASI,ORB,2,1361,123,0.09037472446730345,12.4977,1.31949,13.81719,105
SHITOMASI,ORB,3,1358,120,0.08836524300441827,13.0433,2.5916,15.6349,99
SHITOMASI,ORB,4,1333,120,0.0900225056264066,14.9151,1.14968,16.06478,102
SHITOMASI,ORB,5,1284,113,0.08800623052959501,13.0825,0.97704,14.05954,98
SHITOMASI,ORB,6,1322,114,0.08623298033282904,13.068,1.12147,14.18947,95
SHITOMASI,ORB,7,1366,123,0.09004392386530015,12.5105,1.39011,13.90061,100
SHITOMASI,ORB,8,1389,111,0.07991360691144708,12.4823,1.41385,13.89615,102
SHITOMASI,ORB,9,1339,112,0.08364451082897685,13.3004,0.970868,14.271268,98
SHITOMASI,ORB,AVG,1342.3,117.9,0.08785440634310296,13.233509999999999,1.267679,14.501189,90.0
""
SHITOMASI,FREAK,0,1370,125,0.09124087591240876,14.1043,37.656,51.7603,0
SHITOMASI,FREAK,1,1301,118,0.09069946195234435,11.658,37.1531,48.8111,92
SHITOMASI,FREAK,2,1361,123,0.09037472446730345,9.30938,36.4169,45.72628,97
SHITOMASI,FREAK,3,1358,120,0.08836524300441827,8.39159,36.0962,44.487790000000004,96
SHITOMASI,FREAK,4,1333,120,0.0900225056264066,8.10024,32.7598,40.86004,95
SHITOMASI,FREAK,5,1284,113,0.08800623052959501,7.73779,32.7366,40.47439,90
SHITOMASI,FREAK,6,1322,114,0.08623298033282904,7.93497,33.2084,41.14337,88
SHITOMASI,FREAK,7,1366,123,0.09004392386530015,9.06269,33.6967,42.759389999999996,87
SHITOMASI,FREAK,8,1389,111,0.07991360691144708,8.9766,32.7527,41.729299999999995,91
SHITOMASI,FREAK,9,1339,112,0.08364451082897685,8.01535,32.5482,40.56355,91
SHITOMASI,FREAK,AVG,1342.3,117.9,0.08785440634310296,9.329091,34.50246,43.831551000000005,82.7
""
SHITOMASI,SIFT,0,1370,125,0.09124087591240876,12.6006,16.2864,28.887,0
SHITOMASI,SIFT,1,1301,118,0.09069946195234435,10.7167,15.7511,26.467799999999997,103
SHITOMASI,SIFT,2,1361,123,0.09037472446730345,10.3499,15.5746,25.924500000000002,107
SHITOMASI,SIFT,3,1358,120,0.08836524300441827,10.443,15.7228,26.165799999999997,101
SHITOMASI,SIFT,4,1333,120,0.0900225056264066,10.2779,15.6426,25.9205,104
SHITOMASI,SIFT,5,1284,113,0.08800623052959501,10.2853,15.7316,26.0169,98
SHITOMASI,SIFT,6,1322,114,0.08623298033282904,10.6648,15.9001,26.5649,98
SHITOMASI,SIFT,7,1366,123,0.09004392386530015,10.7328,15.8894,26.6222,101
SHITOMASI,SIFT,8,1389,111,0.07991360691144708,10.5345,17.174,27.7085,101
SHITOMASI,SIFT,9,1339,112,0.08364451082897685,10.6084,15.5761,26.1845,102
SHITOMASI,SIFT,AVG,1342.3,117.9,0.08785440634310296,10.72139,15.924870000000002,26.64626,91.5
""
HARRIS,BRISK,0,115,17,0.14782608695652175,11.3304,0.339864,11.670264,0
HARRIS,BRISK,1,98,14,0.14285714285714285,11.0914,0.716303,11.807703,12
HARRIS,BRISK,2,113,18,0.1592920353982301,10.0006,0.750137,10.750737,12
HARRIS,BRISK,3,121,21,0.17355371900826447,9.88279,0.762658,10.645448,13
HARRIS,BRISK,4,160,26,0.1625,11.4913,0.812327,12.303627,15
HARRIS,BRISK,5,383,43,0.1122715404699739,11.8747,0.952185,12.826885,21
HARRIS,BRISK,6,85,18,0.21176470588235294,9.77837,0.74459,10.522960000000001,15
HARRIS,BRISK,7,210,31,0.14761904761904762,10.055,1.29805,11.35305,15
HARRIS,BRISK,8,171,26,0.15204678362573099,9.79299,0.81855,10.61154,23
HARRIS,BRISK,9,281,34,0.12099644128113879,12.3792,0.874842,13.254042,20
HARRIS,BRISK,AVG,173.7,24.8,0.15307275030984033,10.767675,0.8069505999999999,11.574625600000001,14.6
""
HARRIS,BRIEF,0,115,17,0.14782608695652175,12.7005,0.427948,13.128448,0
HARRIS,BRIEF,1,98,14,0.14285714285714285,10.4589,0.605608,11.064508,13
HARRIS,BRIEF,2,113,18,0.1592920353982301,9.97694,0.621574,10.598514000000002,13
HARRIS,BRIEF,3,121,21,0.17355371900826447,9.90432,0.610719,10.515039,15
HARRIS,BRIEF,4,160,26,0.1625,9.90695,0.650215,10.557165,17
HARRIS,BRIEF,5,383,43,0.1122715404699739,13.2387,0.711686,13.950386,24
HARRIS,BRIEF,6,85,18,0.21176470588235294,10.1235,0.616225,10.739725,16
HARRIS,BRIEF,7,210,31,0.14761904761904762,10.2719,0.667547,10.939447000000001,16
HARRIS,BRIEF,8,171,26,0.15204678362573099,10.0039,0.626886,10.630786,24
HARRIS,BRIEF,9,281,34,0.12099644128113879,10.8723,0.647852,11.520152,23
HARRIS,BRIEF,AVG,173.7,24.8,0.15307275030984033,10.745791,0.618626,11.364417,16.1
""
HARRIS,ORB,0,115,17,0.14782608695652175,11.6192,0.691443,12.310642999999999,0
HARRIS,ORB,1,98,14,0.14285714285714285,10.4419,0.748652,11.190552,13
HARRIS,ORB,2,113,18,0.1592920353982301,10.4209,0.755545,11.176445,13
HARRIS,ORB,3,121,21,0.17355371900826447,10.3717,0.749967,11.121667,14
HARRIS,ORB,4,160,26,0.1625,10.3296,0.770704,11.100304,18
HARRIS,ORB,5,383,43,0.1122715404699739,13.4824,0.797518,14.279918,24
HARRIS,ORB,6,85,18,0.21176470588235294,10.2597,0.761725,11.021425,16
HARRIS,ORB,7,210,31,0.14761904761904762,11.4938,0.783552,12.277352,15
HARRIS,ORB,8,171,26,0.15204678362573099,10.7361,0.77283,11.508930000000001,23
HARRIS,ORB,9,281,34,0.12099644128113879,11.3222,0.791452,12.113652,23
HARRIS,ORB,AVG,173.7,24.8,0.15307275030984033,11.04775,0.7623388,11.8100888,15.9
""
HARRIS,FREAK,0,115,17,0.14782608695652175,12.1184,32.849,44.9674,0
HARRIS,FREAK,1,98,14,0.14285714285714285,9.91888,30.6088,40.52768,12
HARRIS,FREAK,2,113,18,0.1592920353982301,7.05208,31.201,38.25308,13
HARRIS,FREAK,3,121,21,0.17355371900826447,7.27326,31.6808,38.95406,15
HARRIS,FREAK,4,160,26,0.1625,7.27963,30.5831,37.86273,18
HARRIS,FREAK,5,383,43,0.1122715404699739,10.5386,32.0875,42.6261,21
HARRIS,FREAK,6,85,18,0.21176470588235294,6.98345,30.5669,37.55035,17
HARRIS,FREAK,7,210,31,0.14761904761904762,7.31031,30.5068,37.81711,17
HARRIS,FREAK,8,171,26,0.15204678362573099,7.9025,36.9401,44.842600000000004,20
HARRIS,FREAK,9,281,34,0.12099644128113879,9.85788,30.9935,40.85138,19
HARRIS,FREAK,AVG,173.7,24.8,0.15307275030984033,8.623498999999999,31.80175,40.425249,15.2
""
HARRIS,SIFT,0,115,17,0.14782608695652175,14.8356,18.441,33.2766,0
HARRIS,SIFT,1,98,14,0.14285714285714285,10.3158,15.0578,25.3736,13
HARRIS,SIFT,2,113,18,0.1592920353982301,9.67067,15.6439,25.31457,13
HARRIS,SIFT,3,121,21,0.17355371900826447,9.40853,14.8945,24.30303,15
HARRIS,SIFT,4,160,26,0.1625,9.40982,15.1215,24.53132,17
HARRIS,SIFT,5,383,43,0.1122715404699739,11.5381,15.3475,26.8856,25
HARRIS,SIFT,6,85,18,0.21176470588235294,10.5618,17.4533,28.015099999999997,16
HARRIS,SIFT,7,210,31,0.14761904761904762,9.66201,16.6021,26.264110000000002,16
HARRIS,SIFT,8,171,26,0.15204678362573099,9.28359,15.1404,24.42399,23
HARRIS,SIFT,9,281,34,0.12099644128113879,10.3049,15.1537,25.4586,23
HARRIS,SIFT,AVG,173.7,24.8,0.15307275030984033,10.499082,15.885570000000001,26.384652,16.1
""
FAST,BRISK,0,5063,419,0.08275725854236618,1.70878,4.64357,6.35235,0
FAST,BRISK,1,4952,427,0.08622778675282713,1.67635,4.49542,6.17177,268
FAST,BRISK,2,4863,404,0.08307629035574748,1.53289,3.68869,5.221579999999999,273
FAST,BRISK,3,4840,423,0.08739669421487603,1.53632,3.71549,5.25181,262
FAST,BRISK,4,4856,386,0.07948929159802307,1.54785,3.53512,5.0829699999999995,261
FAST,BRISK,5,4899,414,0.08450704225352113,1.55019,4.50163,6.051819999999999,255
FAST,BRISK,6,4870,418,0.08583162217659138,1.70292,3.65529,5.35821,270
FAST,BRISK,7,4868,406,0.08340180772391126,1.56834,3.55934,5.12768,273
FAST,BRISK,8,4996,396,0.07926341072858287,1.60239,3.62404,5.22643,267
FAST,BRISK,9,4997,401,0.0802481488893336,1.63912,3.52029,5.15941,266
FAST,BRISK,AVG,4920.4,409.4,0.08321993532357802,1.606515,3.8938880000000005,5.500403,239.5
""
FAST,BRIEF,0,5063,419,0.08275725854236618,1.75909,1.86722,3.62631,0
FAST,BRIEF,1,4952,427,0.08622778675282713,2.3462,2.51041,4.85661,289
FAST,BRIEF,2,4863,404,0.08307629035574748,1.61725,1.25744,2.87469,297
FAST,BRIEF,3,4840,423,0.08739669421487603,1.56453,1.22643,2.79096,289
FAST,BRIEF,4,4856,386,0.07948929159802307,1.58932,1.10233,2.69165,285
FAST,BRIEF,5,4899,414,0.08450704225352113,1.55658,1.17809,2.7346700000000004,271
FAST,BRIEF,6,4870,418,0.08583162217659138,1.60226,1.16487,2.76713,298
FAST,BRIEF,7,4868,406,0.08340180772391126,1.57666,1.27031,2.84697,291
FAST,BRIEF,8,4996,396,0.07926341072858287,1.60836,1.12698,2.73534,285
FAST,BRIEF,9,4997,401,0.0802481488893336,1.88374,1.58144,3.46518,291
FAST,BRIEF,AVG,4920.4,409.4,0.08321993532357802,1.710399,1.428552,3.138951,259.6
""
FAST,ORB,0,5063,419,0.08275725854236618,1.69632,1.58532,3.2816400000000003,0
FAST,ORB,1,4952,427,0.08622778675282713,1.66972,1.30174,2.97146,289
FAST,ORB,2,4863,404,0.08307629035574748,1.55906,1.33194,2.891,297
FAST,ORB,3,4840,423,0.08739669421487603,1.55427,1.17676,2.73103,283
FAST,ORB,4,4856,386,0.07948929159802307,1.53464,1.27517,2.8098099999999997,288
FAST,ORB,5,4899,414,0.08450704225352113,1.54364,1.13579,2.67943,278
FAST,ORB,6,4870,418,0.08583162217659138,1.56126,1.19571,2.75697,295
FAST,ORB,7,4868,406,0.08340180772391126,1.59275,1.69319,3.28594,287
FAST,ORB,8,4996,396,0.07926341072858287,1.60733,1.8585,3.46583,284
FAST,ORB,9,4997,401,0.0802481488893336,1.63039,1.15237,2.7827599999999997,285
FAST,ORB,AVG,4920.4,409.4,0.08321993532357802,1.594938,1.370649,2.965587,258.6
""
FAST,FREAK,0,5063,419,0.08275725854236618,1.92243,36.926,38.84843,0
FAST,FREAK,1,4952,427,0.08622778675282713,2.02507,35.7512,37.77627,263
FAST,FREAK,2,4863,404,0.08307629035574748,1.88518,32.844,34.72918,263
FAST,FREAK,3,4840,423,0.08739669421487603,1.54819,32.4368,33.984989999999996,261
FAST,FREAK,4,4856,386,0.07948929159802307,1.53719,32.6716,34.20879,261
FAST,FREAK,5,4899,414,0.08450704225352113,2.13754,38.5606,40.69814,264
FAST,FREAK,6,4870,418,0.08583162217659138,1.91482,35.6633,37.57812,275
FAST,FREAK,7,4868,406,0.08340180772391126,1.57951,33.5493,35.12881,273
FAST,FREAK,8,4996,396,0.07926341072858287,1.59305,32.4446,34.03765,258
FAST,FREAK,9,4997,401,0.0802481488893336,1.74217,34.681,36.42317,269
FAST,FREAK,AVG,4920.4,409.4,0.08321993532357802,1.7885150000000003,34.552839999999996,36.341355,238.7
""
FAST,SIFT,0,5063,419,0.08275725854236618,1.86775,34.501,36.36875,0
FAST,SIFT,1,4952,427,0.08622778675282713,1.8717,28.4036,30.2753,301
FAST,SIFT,2,4863,404,0.08307629035574748,1.59687,27.0758,28.67267,306
FAST,SIFT,3,4840,423,0.08739669421487603,1.55949,29.4584,31.01789,295
FAST,SIFT,4,4856,386,0.07948929159802307,1.76064,26.5233,28.283939999999998,287
FAST,SIFT,5,4899,414,0.08450704225352113,1.56835,26.7946,28.362949999999998,275
FAST,SIFT,6,4870,418,0.08583162217659138,1.6297,31.5727,33.202400000000004,302
FAST,SIFT,7,4868,406,0.08340180772391126,1.71808,27.4647,29.18278,299
FAST,SIFT,8,4996,396,0.07926341072858287,1.63021,26.9675,28.59771,285
FAST,SIFT,9,4997,401,0.0802481488893336,1.77264,25.9967,27.76934,291
FAST,SIFT,AVG,4920.4,409.4,0.08321993532357802,1.697543,28.475830000000002,30.173372999999998,264.1
""
BRISK,BRISK,0,2757,264,0.0957562568008705,264.74,3.99228,268.73228,0
BRISK,BRISK,1,2777,282,0.10154843356139719,262.288,3.37745,265.66545,170
BRISK,BRISK,2,2741,282,0.102882159795695,268.073,3.05336,271.12636,185
BRISK,BRISK,3,2735,277,0.10127970749542961,266.308,2.58604,268.89404,172
BRISK,BRISK,4,2757,297,0.10772578890097932,261.664,2.77211,264.43611,176
BRISK,BRISK,5,2695,279,0.10352504638218923,262.548,2.97149,265.51949,178
BRISK,BRISK,6,2715,289,0.10644567219152855,261.017,2.74063,263.75763,195
BRISK,BRISK,7,2628,272,0.1035007610350076,251.898,2.59032,254.48832,178
BRISK,BRISK,8,2639,266,0.10079575596816977,253.638,2.71022,256.34822,178
BRISK,BRISK,9,2672,254,0.09505988023952096,254.349,2.41051,256.75951,168
BRISK,BRISK,AVG,2711.6,276.2,0.10185194623707879,260.6523,2.920441,263.57274099999995,160.0
""
BRISK,BRIEF,0,2757,264,0.0957562568008705,265.527,1.25629,266.78328999999997,0
BRISK,BRIEF,1,2777,282,0.10154843356139719,261.466,0.83867,262.30467,174
BRISK,BRIEF,2,2741,282,0.102882159795695,271.492,0.937117,272.429117,172
BRISK,BRIEF,3,2735,277,0.10127970749542961,258.618,0.825614,259.44361399999997,162
BRISK,BRIEF,4,2757,297,0.10772578890097932,290.374,0.91715,291.29115,167
BRISK,BRIEF,5,2695,279,0.10352504638218923,258.877,0.825632,259.702632,172
BRISK,BRIEF,6,2715,289,0.10644567219152855,258.803,0.844016,259.647016,184
BRISK,BRIEF,7,2628,272,0.1035007610350076,257.442,0.823987,258.265987,179
BRISK,BRIEF,8,2639,266,0.10079575596816977,260.374,1.36565,261.73965000000004,177
BRISK,BRIEF,9,2672,254,0.09505988023952096,265.937,0.800868,266.737868,163
BRISK,BRIEF,AVG,2711.6,276.2,0.10185194623707879,264.89099999999996,0.9434994,265.8344994,155.0
""
BRISK,ORB,0,2757,264,0.0957562568008705,267.099,3.83377,270.93277,0
BRISK,ORB,1,2777,282,0.10154843356139719,257.726,4.64741,262.37341,177
BRISK,ORB,2,2741,282,0.102882159795695,267.14,3.64836,270.78836,189
BRISK,ORB,3,2735,277,0.10127970749542961,293.447,3.34252,296.78952,163
BRISK,ORB,4,2757,297,0.10772578890097932,261.339,3.37556,264.71456,174
BRISK,ORB,5,2695,279,0.10352504638218923,253.626,3.67398,257.29998,178
BRISK,ORB,6,2715,289,0.10644567219152855,254.37,3.5453,257.9153,185
BRISK,ORB,7,2628,272,0.1035007610350076,249.615,3.35259,252.96759,174
BRISK,ORB,8,2639,266,0.10079575596816977,253.546,3.75522,257.30122,174
BRISK,ORB,9,2672,254,0.09505988023952096,257.54,3.36871,260.90871000000004,168
BRISK,ORB,AVG,2711.6,276.2,0.10185194623707879,261.5448,3.6543419999999998,265.19914200000005,158.2
""
BRISK,FREAK,0,2757,264,0.0957562568008705,258.969,34.1077,293.0767,0
BRISK,FREAK,1,2777,282,0.10154843356139719,253.845,33.9272,287.7722,159
BRISK,FREAK,2,2741,282,0.102882159795695,254.711,33.0444,287.7554,177
BRISK,FREAK,3,2735,277,0.10127970749542961,255.923,32.259,288.182,161
BRISK,FREAK,4,2757,297,0.10772578890097932,253.761,31.9869,285.7479,170
BRISK,FREAK,5,2695,279,0.10352504638218923,255.209,31.8674,287.0764,159
BRISK,FREAK,6,2715,289,0.10644567219152855,254.808,32.8331,287.6411,176
BRISK,FREAK,7,2628,272,0.1035007610350076,255.045,34.7572,289.80219999999997,168
BRISK,FREAK,8,2639,266,0.10079575596816977,258.468,31.7771,290.24510000000004,172
BRISK,FREAK,9,2672,254,0.09505988023952096,251.775,31.7243,283.4993,152
BRISK,FREAK,AVG,2711.6,276.2,0.10185194623707879,255.25140000000002,32.828430000000004,288.07983,149.4
""
BRISK,SIFT,0,2757,264,0.0957562568008705,265.223,36.4101,301.6331,0
BRISK,SIFT,1,2777,282,0.10154843356139719,259.414,31.5176,290.9316,166
BRISK,SIFT,2,2741,282,0.102882159795695,264.577,32.0383,296.6153,180
BRISK,SIFT,3,2735,277,0.10127970749542961,272.617,40.818,313.435,161
BRISK,SIFT,4,2757,297,0.10772578890097932,265.798,33.0891,298.88710000000003,173
BRISK,SIFT,5,2695,279,0.10352504638218923,260.381,32.7075,293.08849999999995,166
BRISK,SIFT,6,2715,289,0.10644567219152855,252.27,34.9674,287.2374,181
BRISK,SIFT,7,2628,272,0.1035007610350076,250.279,32.6168,282.8958,177
BRISK,SIFT,8,2639,266,0.10079575596816977,253.707,36.3186,290.0256,169
BRISK,SIFT,9,2672,254,0.09505988023952096,258.701,37.7978,296.4988,163
BRISK,SIFT,AVG,2711.6,276.2,0.10185194623707879,260.2967,34.82812,295.12481999999994,153.6
""
ORB,BRISK,0,500,92,0.184,7.62217,1.42965,9.05182,0
ORB,BRISK,1,500,102,0.204,6.01098,1.12891,7.13989,67
ORB,BRISK,2,500,106,0.212,5.6612,1.15682,6.81802,68
ORB,BRISK,3,500,113,0.226,5.81213,1.17054,6.98267,70
ORB,BRISK,4,500,109,0.218,5.7023,1.26917,6.97147,81
ORB,BRISK,5,500,125,0.25,5.53469,1.28074,6.81543,79
ORB,BRISK,6,500,130,0.26,6.86082,1.77675,8.63757,88
ORB,BRISK,7,500,129,0.258,5.90557,1.30616,7.21173,88
ORB,BRISK,8,500,127,0.254,5.57816,1.30566,6.88382,89
ORB,BRISK,9,500,128,0.256,5.59044,1.32341,6.91385,87
ORB,BRISK,AVG,500.0,116.1,0.23220000000000002,6.027845999999999,1.314781,7.3426269999999985,71.7
""
ORB,BRIEF,0,500,92,0.184,7.16986,0.813952,7.983812,0
ORB,BRIEF,1,500,102,0.204,5.97751,0.395439,6.372948999999999,47
ORB,BRIEF,2,500,106,0.212,5.60739,0.382736,5.990126,54
ORB,BRIEF,3,500,113,0.226,5.33175,0.388291,5.720041,51
ORB,BRIEF,4,500,109,0.218,5.37448,0.390327,5.764807,58
ORB,BRIEF,5,500,125,0.25,6.46651,0.455963,6.922473,60
ORB,BRIEF,6,500,130,0.26,5.33379,0.42916,5.76295,68
ORB,BRIEF,7,500,129,0.258,5.39912,0.467653,5.866773,69
ORB,BRIEF,8,500,127,0.254,5.4225,0.426614,5.849114,73
ORB,BRIEF,9,500,128,0.256,5.49318,0.45518,5.94836,70
ORB,BRIEF,AVG,500.0,116.1,0.23220000000000002,5.757609,0.4605315000000001,6.2181405,55.0
""
ORB,ORB,0,500,92,0.184,6.40893,4.07334,10.48227,0
ORB,ORB,1,500,102,0.204,5.86649,3.77374,9.640229999999999,68
ORB,ORB,2,500,106,0.212,5.59635,3.31922,8.91557,77
ORB,ORB,3,500,113,0.226,5.57168,3.31637,8.88805,75
ORB,ORB,4,500,109,0.218,5.39964,3.28986,8.689499999999999,84
ORB,ORB,5,500,125,0.25,5.3931,3.42644,8.81954,87
ORB,ORB,6,500,130,0.26,5.45042,3.29863,8.74905,95
ORB,ORB,7,500,129,0.258,6.13612,3.36053,9.496649999999999,95
ORB,ORB,8,500,127,0.254,6.17327,3.85915,10.03242,93
ORB,ORB,9,500,128,0.256,5.84337,3.72241,9.56578,95
ORB,ORB,AVG,500.0,116.1,0.23220000000000002,5.783937,3.5439689999999997,9.327906,76.9
""
ORB,FREAK,0,500,92,0.184,7.39122,35.4484,42.83962,0
ORB,FREAK,1,500,102,0.204,6.13357,33.219,39.35257,39
ORB,FREAK,2,500,106,0.212,5.61849,31.6548,37.27329,45
ORB,FREAK,3,500,113,0.226,5.46008,32.7074,38.16748,43
ORB,FREAK,4,500,109,0.218,6.98964,31.6942,38.68384,44
ORB,FREAK,5,500,125,0.25,5.55194,31.5547,37.10664,41
ORB,FREAK,6,500,130,0.26,5.62668,32.306,37.93268,48
ORB,FREAK,7,500,129,0.258,5.66023,30.886,36.54623,50
ORB,FREAK,8,500,127,0.254,5.52301,30.8221,36.34511,47
ORB,FREAK,9,500,128,0.256,5.48046,30.8935,36.37396,56
ORB,FREAK,AVG,500.0,116.1,0.23220000000000002,5.943531999999999,32.118610000000004,38.062141999999994,41.3
""
ORB,SIFT,0,500,92,0.184,6.48793,39.8786,46.36653,0
ORB,SIFT,1,500,102,0.204,5.41258,34,39.41258,63
ORB,SIFT,2,500,106,0.212,5.85938,35.74,41.599380000000004,70
ORB,SIFT,3,500,113,0.226,5.38222,38.8983,44.280519999999996,69
ORB,SIFT,4,500,109,0.218,5.34861,34.9472,40.29581,74
ORB,SIFT,5,500,125,0.25,5.46158,35.5249,40.98648,83
ORB,SIFT,6,500,130,0.26,5.61593,44.7824,50.39833,89
ORB,SIFT,7,500,129,0.258,6.46644,39.9731,46.43954,94
ORB,SIFT,8,500,127,0.254,5.73935,41.7788,47.51815,87
ORB,SIFT,9,500,128,0.256,5.58174,38.7425,44.32424,89
ORB,SIFT,AVG,500.0,116.1,0.23220000000000002,5.735576,38.42658,44.162156,71.8
""
AKAZE,BRISK,0,1351,166,0.1228719467061436,67.3161,1.62441,68.94051,0
AKAZE,BRISK,1,1327,157,0.11831198191409194,55.7736,1.54977,57.323370000000004,140
AKAZE,BRISK,2,1311,161,0.12280701754385964,52.3279,1.54532,53.873219999999996,128
AKAZE,BRISK,3,1351,155,0.11472982975573649,55.3391,1.48175,56.82085,133
AKAZE,BRISK,4,1360,163,0.11985294117647059,57.4112,3.07407,60.48527,134
AKAZE,BRISK,5,1347,164,0.12175204157386786,52.884,1.69354,54.57754,138
AKAZE,BRISK,6,1363,173,0.1269258987527513,54.3721,1.64508,56.01718,140
AKAZE,BRISK,7,1331,175,0.13148009015777612,55.2349,2.43152,57.66642,145
AKAZE,BRISK,8,1357,177,0.13043478260869565,60.1373,1.6742,61.8115,151
AKAZE,BRISK,9,1331,179,0.13448534936138243,51.097,1.67903,52.77603,147
AKAZE,BRISK,AVG,1342.9,167.0,0.12436518795507756,56.189319999999995,1.8398690000000002,58.029188999999995,125.6
""
AKAZE,BRIEF,0,1351,166,0.1228719467061436,61.5145,0.641353,62.155853,0
AKAZE,BRIEF,1,1327,157,0.11831198191409194,49.0782,0.588519,49.666719,139
AKAZE,BRIEF,2,1311,161,0.12280701754385964,55.5113,0.583346,56.094646,131
AKAZE,BRIEF,3,1351,155,0.11472982975573649,64.3711,0.555244,64.926344,132
AKAZE,BRIEF,4,1360,163,0.11985294117647059,53.2757,0.586923,53.862623,129
AKAZE,BRIEF,5,1347,164,0.12175204157386786,53.6058,0.579018,54.184818,131
AKAZE,BRIEF,6,1363,173,0.1269258987527513,46.6393,0.589609,47.228909,143
AKAZE,BRIEF,7,1331,175,0.13148009015777612,52.1361,0.616303,52.752403,151
AKAZE,BRIEF,8,1357,177,0.13043478260869565,44.9528,0.623361,45.576161000000006,151
AKAZE,BRIEF,9,1331,179,0.13448534936138243,54.293,0.624223,54.917223,146
AKAZE,BRIEF,AVG,1342.9,167.0,0.12436518795507756,53.53778,0.5987899000000001,54.136569900000005,125.3
""
AKAZE,ORB,0,1351,166,0.1228719467061436,58.633,2.1683,60.801300000000005,0
AKAZE,ORB,1,1327,157,0.11831198191409194,46.6259,2.16883,48.79473,129
AKAZE,ORB,2,1311,161,0.12280701754385964,48.5664,2.1103,50.676700000000004,130
AKAZE,ORB,3,1351,155,0.11472982975573649,49.2926,2.13242,51.42502,126
AKAZE,ORB,4,1360,163,0.11985294117647059,57.0639,2.15122,59.21512,129
AKAZE,ORB,5,1347,164,0.12175204157386786,53.341,2.12978,55.47078,129
AKAZE,ORB,6,1363,173,0.1269258987527513,53.9825,2.28229,56.264790000000005,138
AKAZE,ORB,7,1331,175,0.13148009015777612,53.9166,2.14078,56.05738,142
AKAZE,ORB,8,1357,177,0.13043478260869565,51.5202,2.25445,53.77465,140
AKAZE,ORB,9,1331,179,0.13448534936138243,59.7571,2.25212,62.00922,145
AKAZE,ORB,AVG,1342.9,167.0,0.12436518795507756,53.26992,2.179049,55.448969,120.8
""
AKAZE,FREAK,0,1351,166,0.1228719467061436,61.9699,31.4742,93.4441,0
AKAZE,FREAK,1,1327,157,0.11831198191409194,46.6372,31.637,78.27420000000001,141
AKAZE,FREAK,2,1311,161,0.12280701754385964,51.6281,39.0278,90.6559,132
AKAZE,FREAK,3,1351,155,0.11472982975573649,51.9451,32.1274,84.07249999999999,134
AKAZE,FREAK,4,1360,163,0.11985294117647059,49.8053,31.2697,81.075,129
AKAZE,FREAK,5,1347,164,0.12175204157386786,58.0874,32.5093,90.5967,127
AKAZE,FREAK,6,1363,173,0.1269258987527513,49.3205,31.7791,81.09960000000001,142
AKAZE,FREAK,7,1331,175,0.13148009015777612,45.0511,31.3834,76.4345,148
AKAZE,FREAK,8,1357,177,0.13043478260869565,57.9241,31.9843,89.9084,150
AKAZE,FREAK,9,1331,179,0.13448534936138243,51.6369,31.9583,83.5952,149
AKAZE,FREAK,AVG,1342.9,167.0,0.12436518795507756,52.40056,32.51505,84.91560999999999,125.2
""
AKAZE,AKAZE,0,1351,166,0.1228719467061436,56.1628,38.588,94.7508,0
AKAZE,AKAZE,1,1327,157,0.11831198191409194,49.0642,41.318,90.3822,133
AKAZE,AKAZE,2,1311,161,0.12280701754385964,49.4352,41.0799,90.5151,135
AKAZE,AKAZE,3,1351,155,0.11472982975573649,51.5867,37.2592,88.8459,127
AKAZE,AKAZE,4,1360,163,0.11985294117647059,57.2524,37.6108,94.8632,131
AKAZE,AKAZE,5,1347,164,0.12175204157386786,49.1235,43.7569,92.88040000000001,131
AKAZE,AKAZE,6,1363,173,0.1269258987527513,49.9593,37.4688,87.4281,141
AKAZE,AKAZE,7,1331,175,0.13148009015777612,50.9763,41.9643,92.9406,148
AKAZE,AKAZE,8,1357,177,0.13043478260869565,49.2196,40.2462,89.4658,149
AKAZE,AKAZE,9,1331,179,0.13448534936138243,47.6678,39.6035,87.2713,155
AKAZE,AKAZE,AVG,1342.9,167.0,0.12436518795507756,51.044779999999996,39.889559999999996,90.93433999999999,125.0
""
AKAZE,SIFT,0,1351,166,0.1228719467061436,51.7872,18.1585,69.9457,0
AKAZE,SIFT,1,1327,157,0.11831198191409194,49.5983,18.1551,67.7534,136
AKAZE,SIFT,2,1311,161,0.12280701754385964,48.5131,19.2216,67.7347,135
AKAZE,SIFT,3,1351,155,0.11472982975573649,55.3848,21.7277,77.1125,134
AKAZE,SIFT,4,1360,163,0.11985294117647059,48.1879,18.806,66.9939,137
AKAZE,SIFT,5,1347,164,0.12175204157386786,53.4145,30.403,83.8175,140
AKAZE,SIFT,6,1363,173,0.1269258987527513,64.6303,20.0985,84.7288,142
AKAZE,SIFT,7,1331,175,0.13148009015777612,59.6281,19.0179,78.646,151
AKAZE,SIFT,8,1357,177,0.13043478260869565,47.3373,18.9045,66.2418,149
AKAZE,SIFT,9,1331,179,0.13448534936138243,57.7897,20.4059,78.1956,153
AKAZE,SIFT,AVG,1342.9,167.0,0.12436518795507756,53.627120000000005,20.48987,74.11699,127.7
""
SIFT,BRISK,0,1438,138,0.09596662030598054,93.4755,1.68444,95.15993999999999,0
SIFT,BRISK,1,1371,132,0.0962800875273523,85.1144,1.31478,86.42918,76
SIFT,BRISK,2,1380,124,0.08985507246376812,86.4942,1.25866,87.75286000000001,70
SIFT,BRISK,3,1335,137,0.10262172284644194,93.7481,1.34188,95.08998,76
SIFT,BRISK,4,1305,134,0.10268199233716475,98.5843,1.30808,99.89238,78
SIFT,BRISK,5,1370,140,0.10218978102189781,94.5249,1.37296,95.89786000000001,81
SIFT,BRISK,6,1396,137,0.09813753581661891,91.9726,1.39527,93.36787,76
SIFT,BRISK,7,1382,148,0.10709117221418235,90.4858,1.41512,91.90092,71
SIFT,BRISK,8,1463,159,0.10868079289131921,99.8262,1.49829,101.32449,89
SIFT,BRISK,9,1422,137,0.09634317862165963,89.3816,1.31748,90.69908000000001,85
SIFT,BRISK,AVG,1386.2,138.6,0.09998479560463855,92.36076,1.3906959999999997,93.75145599999999,70.2
""
SIFT,BRIEF,0,1438,138,0.09596662030598054,102.079,0.878567,102.957567,0
SIFT,BRIEF,1,1371,132,0.0962800875273523,98.9283,0.52234,99.45063999999999,83
SIFT,BRIEF,2,1380,124,0.08985507246376812,87.8122,0.491763,88.30396300000001,76
SIFT,BRIEF,3,1335,137,0.10262172284644194,93.5389,0.822382,94.361282,83
SIFT,BRIEF,4,1305,134,0.10268199233716475,87.6378,0.506015,88.143815,89
SIFT,BRIEF,5,1370,140,0.10218978102189781,89.5261,0.521585,90.047685,83
SIFT,BRIEF,6,1396,137,0.09813753581661891,85.0985,0.504982,85.603482,81
SIFT,BRIEF,7,1382,148,0.10709117221418235,88.3313,0.538486,88.869786,74
SIFT,BRIEF,8,1463,159,0.10868079289131921,87.2496,0.956228,88.205828,94
SIFT,BRIEF,9,1422,137,0.09634317862165963,85.2108,0.513194,85.723994,90
SIFT,BRIEF,AVG,1386.2,138.6,0.09998479560463855,90.54124999999999,0.6255542000000001,91.1668042,75.3
""
SIFT,FREAK,0,1438,138,0.09596662030598054,95.5342,34.5155,130.0497,0
SIFT,FREAK,1,1371,132,0.0962800875273523,102.148,32.8314,134.9794,75
SIFT,FREAK,2,1380,124,0.08985507246376812,86.5675,32.4325,119.0,72
SIFT,FREAK,3,1335,137,0.10262172284644194,89.3143,33.4019,122.7162,76
SIFT,FREAK,4,1305,134,0.10268199233716475,87.0724,32.1624,119.2348,79
SIFT,FREAK,5,1370,140,0.10218978102189781,88.69,32.0373,120.7273,78
SIFT,FREAK,6,1396,137,0.09813753581661891,87.6665,33.0798,120.74629999999999,72
SIFT,FREAK,7,1382,148,0.10709117221418235,96.5552,32.0073,128.5625,65
SIFT,FREAK,8,1463,159,0.10868079289131921,112.268,40.394,152.662,82
SIFT,FREAK,9,1422,137,0.09634317862165963,95.949,31.9321,127.8811,84
SIFT,FREAK,AVG,1386.2,138.6,0.09998479560463855,94.17651,33.47942,127.65593000000001,68.3
""
SIFT,SIFT,0,1438,138,0.09596662030598054,92.9398,76.8191,169.7589,0
SIFT,SIFT,1,1371,132,0.0962800875273523,73.3435,65.0422,138.38569999999999,91
SIFT,SIFT,2,1380,124,0.08985507246376812,72.5727,59.5935,132.1662,80
SIFT,SIFT,3,1335,137,0.10262172284644194,68.9511,58.575,127.5261,89
SIFT,SIFT,4,1305,134,0.10268199233716475,69.751,62.3805,132.13150000000002,93
SIFT,SIFT,5,1370,140,0.10218978102189781,72.3988,60.6825,133.0813,96
SIFT,SIFT,6,1396,137,0.09813753581661891,70.2872,59.0471,129.33429999999998,86
SIFT,SIFT,7,1382,148,0.10709117221418235,73.785,70.2225,144.0075,90
SIFT,SIFT,8,1463,159,0.10868079289131921,81.1165,65.6866,146.8031,105
SIFT,SIFT,9,1422,137,0.09634317862165963,79.3422,59.7461,139.0883,102
SIFT,SIFT,AVG,1386.2,138.6,0.09998479560463855,75.44878,63.779509999999995,139.22829000000002,83.2
""
